Move Name,Startup,Total Frames,Landing Lag,Notes,Base Damage,Shield Lag,Shield Stun,Property 1,On Shield,Active Frames,End Lag,GIF URL
Neutral B (Dragon Fang Shot),17—47,61—95,,,4.0—11.0,5—8,2—4,,**,17—71,,
Dragon Fang Shot (chomp),24-54-85,--,,Chomp can be charged an additional 30 frames independently of shot for more damage.,10.0—20.0,8—20,10—18,,-31 to -19,24—25/**/85—86,,
"Side B (Dragon Lunge, Pin)",4,--,,"After pinning the ground, 13 frame waiting period before you can select one of the options. Empty hop on the ground without Pin is 45 frames. Cannot pin a shielding target.",7.0,7,7,,-6,,,https://ultimateframedata.com/hitboxes/corrin/CorrinDragonLunge.png
"Side B (Dragon Lunge, Air)",10,37,22,,8.0/15.0,7/10,8/14,Close/Tipper,,10,27,
"Dragon Lunge, Pin Cancel",--,~35/19,19,Second total frames is if you don't land on the ground,,,,,,,,
"Dragon Lunge, Pin Jump",--,29,,Invulnerable on frame 2-7,,,,,,,,
"Dragon Lunge, Pin Kick",10,56/45,19,Second total frames is if you go over an edge.,12.0/7.0,10/7,11/7,Early/Late,-35,10—17(18—24),32,https://ultimateframedata.com/hitboxes/corrin/CorrinDragonLungeKick.gif
"Dragon Lunge, Back Kick",6,60/45,19,Second total frames is if you go over an edge.,5.0/7.0,6/7,6/7,Early/Late,-48,6/14—21(22—28),32,https://ultimateframedata.com/hitboxes/corrin/CorrinDragonLungeKickBack.gif
Up B (Dragon Ascent),18...,--,30,Invulnerable on frame 7-17,4.5/1.2/3.0,8/4/10,-/2/4,First/Multi/Final,,18—19/20—28(rehit: 2)/29—30,,https://ultimateframedata.com/hitboxes/corrin/CorrinDragonAscent.gif
Down B (Counter Surge),7 (Start of Counter),66,,Invulnerable on frame 6. Counters on 7-26,,,,,,7—26 (counter),,https://ultimateframedata.com/hitboxes/corrin/CorrinCounterSurge.gif
"Counter Surge, Attack",27,66,,Invulnerable on frame 1-51.  Attacker frozen until frame 12,,,,,,27—31,35,https://ultimateframedata.com/hitboxes/corrin/CorrinCounterSurgeHit.gif